<?xml version="1.0" encoding="UTF-8"?>
<p:publish-metadata xmlns:p="http://video-metadata.emp.ebsd.ericsson.net/api-messages/v1" xmlns:p1="http://video-metadata.emp.ebsd.ericsson.net/publish/v1" xmlns:p2="http://video-metadata.emp.ebsd.ericsson.net/content/v1" xmlns:p3="http://video-metadata.emp.ebsd.ericsson.net/common/v1" xmlns:p4="http://video-metadata.emp.ebsd.ericsson.net/material/v1" xmlns:p5="http://video-metadata.emp.ebsd.ericsson.net/event/v1" xmlns:xsi="http://www.w3.org/2001/XMLSchema-instance" xsi:schemaLocation="http://video-metadata.emp.ebsd.ericsson.net/api-messages/v1 publish-metadata.xsd ">
  <p:data>
    <p1:series>
      <id>id</id>
      <studio>studio</studio>
      <productionYear>productionYear</productionYear>
      <countryOfOriginList>
        <country>country</country>
      </countryOfOriginList>
      <titleList>
        <title language="EN">title</title>
      </titleList>
      <descriptionList>
        <description language="EN" length="short">description</description>
      </descriptionList>
      <tagList>
        <tag type="">tag</tag>
      </tagList>
      <creditList>
        <credit>
          <name>name</name>
          <rolename>rolename</rolename>
          <function>function</function>
        </credit>
      </creditList>
      <imageList>
        <image priority="0">
          <id>id</id>
          <url>url</url>
          <width>0</width>
          <height>0</height>
          <purpose>banner</purpose>
          <orientation>landscape</orientation>
          <copyRightList>
            <copyRight>copyRight</copyRight>
          </copyRightList>
        </image>
      </imageList>
      <parentalRatingList>
        <parentalRating>
          <rating>rating</rating>
          <scheme>scheme</scheme>
          <country>country</country>
        </parentalRating>
      </parentalRatingList>
      <externalReferenceList>
        <externalReference>
          <provider>provider</provider>
          <id>id</id>
          <uri>uri</uri>
        </externalReference>
      </externalReferenceList>
      <additionalProperties>
        <property>
          <name>Name</name>
          <type>string</type>
          <value>value</value>
        </property>
      </additionalProperties>
    </p1:series>
    <p1:season>
      <id>id</id>
      <studio>studio</studio>
      <productionYear>productionYear</productionYear>
      <countryOfOriginList>
        <country>country</country>
      </countryOfOriginList>
      <titleList>
        <title language="EN">title</title>
      </titleList>
      <descriptionList>
        <description language="EN" length="short">description</description>
      </descriptionList>
      <tagList>
        <tag type="">tag</tag>
      </tagList>
      <creditList>
        <credit>
          <name>name</name>
          <rolename>rolename</rolename>
          <function>function</function>
        </credit>
      </creditList>
      <imageList>
        <image priority="0">
          <id>id</id>
          <url>url</url>
          <width>0</width>
          <height>0</height>
          <purpose>banner</purpose>
          <orientation>landscape</orientation>
          <copyRightList>
            <copyRight>copyRight</copyRight>
          </copyRightList>
        </image>
      </imageList>
      <parentalRatingList>
        <parentalRating>
          <rating>rating</rating>
          <scheme>scheme</scheme>
          <country>country</country>
        </parentalRating>
      </parentalRatingList>
      <externalReferenceList>
        <externalReference>
          <provider>provider</provider>
          <id>id</id>
          <uri>uri</uri>
        </externalReference>
      </externalReferenceList>
      <additionalProperties>
        <property>
          <name>Name</name>
          <type>string</type>
          <value>value</value>
        </property>
      </additionalProperties>
      <seriesId>seriesId</seriesId>
      <seasonNumber>0</seasonNumber>
      <numberOfEpisodes>0</numberOfEpisodes>
    </p1:season>
    <p1:content>
      <id>id</id>
      <studio>studio</studio>
      <productionYear>productionYear</productionYear>
      <countryOfOriginList>
        <country>country</country>
      </countryOfOriginList>
      <titleList>
        <title language="EN">title</title>
      </titleList>
      <descriptionList>
        <description language="EN" length="short">description</description>
      </descriptionList>
      <tagList>
        <tag type="">tag</tag>
      </tagList>
      <creditList>
        <credit>
          <name>name</name>
          <rolename>rolename</rolename>
          <function>function</function>
        </credit>
      </creditList>
      <imageList>
        <image priority="0">
          <id>id</id>
          <url>url</url>
          <width>0</width>
          <height>0</height>
          <purpose>banner</purpose>
          <orientation>landscape</orientation>
          <copyRightList>
            <copyRight>copyRight</copyRight>
          </copyRightList>
        </image>
      </imageList>
      <parentalRatingList>
        <parentalRating>
          <rating>rating</rating>
          <scheme>scheme</scheme>
          <country>country</country>
        </parentalRating>
      </parentalRatingList>
      <externalReferenceList>
        <externalReference>
          <provider>provider</provider>
          <id>id</id>
          <uri>uri</uri>
        </externalReference>
      </externalReferenceList>
      <additionalProperties>
        <property>
          <name>Name</name>
          <type>string</type>
          <value>value</value>
        </property>
      </additionalProperties>
      <contentType>program</contentType>
      <seriesId>seriesId</seriesId>
      <seasonId>seasonId</seasonId>
      <contentIdRef>contentIdRef</contentIdRef>
      <episodeNumber>0</episodeNumber>
    </p1:content>
    <p1:materialList>
      <material>
        <id>id</id>
        <materialRef isSyndicated="true">materialRef</materialRef>
        <contentIdRef>contentIdRef</contentIdRef>
        <duration>0</duration>
        <framerate>0</framerate>
        <isDRMEnabled>true</isDRMEnabled>
        <allowAds>true</allowAds>
        <breakList>
          <break>
            <offset>0</offset>
          </break>
        </breakList>
        <subtitleList>
          <subtitle language="EN">subtitle</subtitle>
        </subtitleList>
        <expiryDate>2001-12-31T12:00:00</expiryDate>
        <purgeDate>2001-12-31T12:00:00</purgeDate>
        <additionalProperties>
          <property>
            <name>Name</name>
            <type>string</type>
            <value>value</value>
          </property>
        </additionalProperties>
      </material>
    </p1:materialList>
    <p1:eventList>
      <p5:event>
        <p5:id>p5:id</p5:id>
        <p5:contentIdRef>p5:contentIdRef</p5:contentIdRef>
        <p5:startTime>2001-12-31T12:00:00</p5:startTime>
        <p5:endTime>2001-12-31T12:00:00</p5:endTime>
        <p5:publishTime>2001-12-31T12:00:00</p5:publishTime>
        <p5:publicationRights>
          <productList>
            <product>product</product>
          </productList>
          <serviceList>
            <service>service</service>
          </serviceList>
        </p5:publicationRights>
        <p5:drmRestrictions>
          <studioContractID>studioContractID</studioContractID>
          <downloadAllowed>true</downloadAllowed>
          <mirroringAllowed>true</mirroringAllowed>
          <HDAllowed>true</HDAllowed>
          <HDMIAllowed>true</HDMIAllowed>
          <MaxBitRate>0</MaxBitRate>
          <includeCountries>
            <country>country</country>
          </includeCountries>
          <deviceList>
            <device>
              <deviceType>Web</deviceType>
              <vendor>vendor</vendor>
              <os>os</os>
              <osVersion>osVersion</osVersion>
              <model>model</model>
            </device>
          </deviceList>
        </p5:drmRestrictions>
        <p5:additionalProperties>
          <property>
            <name>Name</name>
            <type>string</type>
            <value>value</value>
          </property>
        </p5:additionalProperties>
      </p5:event>
    </p1:eventList>
  </p:data>
</p:publish-metadata>
