<?xml version="1.0" encoding="UTF-8"?>
<p:publish xmlns:p="http://video-metadata.emp.ebsd.ericsson.net/publish/v1" xmlns:p1="http://video-metadata.emp.ebsd.ericsson.net/content/v1" xmlns:p2="http://video-metadata.emp.ebsd.ericsson.net/common/v1" xmlns:p3="http://video-metadata.emp.ebsd.ericsson.net/material/v1" xmlns:p4="http://video-metadata.emp.ebsd.ericsson.net/event/v1" xmlns:xsi="http://www.w3.org/2001/XMLSchema-instance" xsi:schemaLocation="http://video-metadata.emp.ebsd.ericsson.net/publish/v1 publish.xsd ">
  <p:series>
    <id>id</id>
    <studio>studio</studio>
    <productionYear>1970</productionYear>
    <countryOfOriginList>
      <country>country</country>
    </countryOfOriginList>
    <titleList>
      <title language="EN">title</title>
    </titleList>
    <descriptionList>
      <description language="EN" length="short">description</description>
    </descriptionList>
    <tagList>
      <tag type="genre">tag</tag>
    </tagList>
    <creditList>
      <credit>
        <name>name</name>
        <rolename>rolename</rolename>
        <function>function</function>
      </credit>
    </creditList>
    <imageList>
      <image priority="0">
        <id>id</id>
        <url>url</url>
        <width>0</width>
        <height>0</height>
        <purpose>banner</purpose>
        <orientation>landscape</orientation>
        <copyRightList>
          <copyRight>copyRight</copyRight>
        </copyRightList>
      </image>
    </imageList>
    <parentalRatingList>
      <parentalRating>
        <rating>rating</rating>
        <scheme>scheme</scheme>
        <country>country</country>
      </parentalRating>
    </parentalRatingList>
    <externalReferenceList>
      <externalReference>
        <provider>provider</provider>
        <id>id</id>
        <uri>uri</uri>
      </externalReference>
    </externalReferenceList>
    <additionalProperties>
      <property>
        <name>Name</name>
        <type>string</type>
        <value>value</value>
      </property>
    </additionalProperties>
  </p:series>
  <p:season>
    <id>id</id>
    <studio>studio</studio>
    <productionYear>1970</productionYear>
    <countryOfOriginList>
      <country>country</country>
    </countryOfOriginList>
    <titleList>
      <title language="EN">title</title>
    </titleList>
    <descriptionList>
      <description language="EN" length="short">description</description>
    </descriptionList>
    <tagList>
      <tag type="genre">tag</tag>
    </tagList>
    <creditList>
      <credit>
        <name>name</name>
        <rolename>rolename</rolename>
        <function>function</function>
      </credit>
    </creditList>
    <imageList>
      <image priority="0">
        <id>id</id>
        <url>url</url>
        <width>0</width>
        <height>0</height>
        <purpose>banner</purpose>
        <orientation>landscape</orientation>
        <copyRightList>
          <copyRight>copyRight</copyRight>
        </copyRightList>
      </image>
    </imageList>
    <parentalRatingList>
      <parentalRating>
        <rating>rating</rating>
        <scheme>scheme</scheme>
        <country>country</country>
      </parentalRating>
    </parentalRatingList>
    <externalReferenceList>
      <externalReference>
        <provider>provider</provider>
        <id>id</id>
        <uri>uri</uri>
      </externalReference>
    </externalReferenceList>
    <additionalProperties>
      <property>
        <name>Name</name>
        <type>string</type>
        <value>value</value>
      </property>
    </additionalProperties>
    <seriesId>seriesId</seriesId>
    <seasonNumber>0</seasonNumber>
    <numberOfEpisodes>0</numberOfEpisodes>
  </p:season>
  <p:content>
    <id>id</id>
    <studio>studio</studio>
    <productionYear>1970</productionYear>
    <countryOfOriginList>
      <country>country</country>
    </countryOfOriginList>
    <titleList>
      <title language="EN">title</title>
    </titleList>
    <descriptionList>
      <description language="EN" length="short">description</description>
    </descriptionList>
    <tagList>
      <tag type="genre">tag</tag>
    </tagList>
    <creditList>
      <credit>
        <name>name</name>
        <rolename>rolename</rolename>
        <function>function</function>
      </credit>
    </creditList>
    <imageList>
      <image priority="0">
        <id>id</id>
        <url>url</url>
        <width>0</width>
        <height>0</height>
        <purpose>banner</purpose>
        <orientation>landscape</orientation>
        <copyRightList>
          <copyRight>copyRight</copyRight>
        </copyRightList>
      </image>
    </imageList>
    <parentalRatingList>
      <parentalRating>
        <rating>rating</rating>
        <scheme>scheme</scheme>
        <country>country</country>
      </parentalRating>
    </parentalRatingList>
    <externalReferenceList>
      <externalReference>
        <provider>provider</provider>
        <id>id</id>
        <uri>uri</uri>
      </externalReference>
    </externalReferenceList>
    <additionalProperties>
      <property>
        <name>Name</name>
        <type>string</type>
        <value>value</value>
      </property>
    </additionalProperties>
    <contentType>program</contentType>
    <seriesId>seriesId</seriesId>
    <seasonId>seasonId</seasonId>
    <contentIdRef>contentIdRef</contentIdRef>
    <episodeNumber>0</episodeNumber>
  </p:content>
  <p:materialList>
    <material>
      <id>id</id>
      <materialRef isSyndicated="true">materialRef</materialRef>
      <contentIdRef>contentIdRef</contentIdRef>
      <duration>0</duration>
      <framerate>0</framerate>
      <isDRMEnabled>true</isDRMEnabled>
      <allowAds>true</allowAds>
      <breakList>
        <break>
          <offset>0</offset>
        </break>
      </breakList>
      <subtitleList>
        <subtitle language="EN">subtitle</subtitle>
      </subtitleList>
      <expiryDate>2001-12-31T12:00:00</expiryDate>
      <purgeDate>2001-12-31T12:00:00</purgeDate>
      <additionalProperties>
        <property>
          <name>Name</name>
          <type>string</type>
          <value>value</value>
        </property>
      </additionalProperties>
    </material>
  </p:materialList>
  <p:eventList>
    <p4:event>
      <p4:id>id</p4:id>
      <p4:contentIdRef>p4:contentIdRef</p4:contentIdRef>
      <p4:startTime>2001-12-31T12:00:00</p4:startTime>
      <p4:endTime>2001-12-31T12:00:00</p4:endTime>
      <p4:publishTime>2001-12-31T12:00:00</p4:publishTime>
      <p4:publicationRights>
        <productList>
          <product>product</product>
        </productList>
        <serviceList>
          <service>service</service>
        </serviceList>
      </p4:publicationRights>
      <p4:drmRestrictions>
        <downloadAllowed>true</downloadAllowed>
        <mirroringAllowed>true</mirroringAllowed>
        <HDAllowed>true</HDAllowed>
        <HDMIAllowed>true</HDMIAllowed>
        <MaxBitRate>0</MaxBitRate>
        <includeCountries>
          <country>country</country>
        </includeCountries>
        <deviceList>
          <device>
            <deviceType>Web</deviceType>
            <vendor>vendor</vendor>
            <os>os</os>
            <osVersion>osVersion</osVersion>
            <model>model</model>
          </device>
        </deviceList>
      </p4:drmRestrictions>
      <p4:additionalProperties>
        <property>
          <name>Name</name>
          <type>string</type>
          <value>value</value>
        </property>
      </p4:additionalProperties>
    </p4:event>
  </p:eventList>
</p:publish>
